<annotation><folder>Licence-plates-160x320</folder><filename>JH12G9561-3.jpg</filename><path>/home/shashank/Documents/IndusTrail/Automatic-Number-Plate-Recognition/Character-detection-data/Images/JH12G9561-3.jpg</path><source><database>Unknown</database></source><size><width>320</width><height>160</height><depth>3</depth></size><segmented>0</segmented><object><name>J</name><pose>Unspecified</pose><truncated>0</truncated><difficult>0</difficult><bndbox><xmin>45</xmin><ymin>28</ymin><xmax>82</xmax><ymax>70</ymax></bndbox></object><object><name>H</name><pose>Unspecified</pose><truncated>0</truncated><difficult>0</difficult><bndbox><xmin>84</xmin><ymin>26</ymin><xmax>128</xmax><ymax>69</ymax></bndbox></object><object><name>1</name><pose>Unspecified</pose><truncated>0</truncated><difficult>0</difficult><bndbox><xmin>145</xmin><ymin>24</ymin><xmax>174</xmax><ymax>64</ymax></bndbox></object><object><name>2</name><pose>Unspecified</pose><truncated>0</truncated><difficult>0</difficult><bndbox><xmin>174</xmin><ymin>22</ymin><xmax>216</xmax><ymax>64</ymax></bndbox></object><object><name>G</name><pose>Unspecified</pose><truncated>0</truncated><difficult>0</difficult><bndbox><xmin>228</xmin><ymin>18</ymin><xmax>276</xmax><ymax>61</ymax></bndbox></object><object><name>9</name><pose>Unspecified</pose><truncated>0</truncated><difficult>0</difficult><bndbox><xmin>38</xmin><ymin>80</ymin><xmax>101</xmax><ymax>124</ymax></bndbox></object><object><name>5</name><pose>Unspecified</pose><truncated>0</truncated><difficult>0</difficult><bndbox><xmin>104</xmin><ymin>75</ymin><xmax>164</xmax><ymax>124</ymax></bndbox></object><object><name>6</name><pose>Unspecified</pose><truncated>0</truncated><difficult>0</difficult><bndbox><xmin>168</xmin><ymin>71</ymin><xmax>229</xmax><ymax>121</ymax></bndbox></object><object><name>1</name><pose>Unspecified</pose><truncated>0</truncated><difficult>0</difficult><bndbox><xmin>230</xmin><ymin>70</ymin><xmax>277</xmax><ymax>121</ymax></bndbox></object></annotation>